date,team_a,team_b,winner,result,source
17-05-2008,Delhi Daredevils,Kings XI Punjab,Kings XI Punjab,won by 6 runs (D/L),https://en.wikipedia.org/wiki/2008_Indian_Premier_League
18-05-2008,Kolkata Knight Riders,Chennai Super Kings,Chennai Super Kings,won by 3 runs (D/L),https://en.wikipedia.org/wiki/2008_Indian_Premier_League
19-04-2009,Kings XI Punjab,Delhi Daredevils,Delhi Daredevils,won by 10 wickets (D/L),https://en.wikipedia.org/wiki/2009_Indian_Premier_League
21-04-2009,Kings XI Punjab,Kolkata Knight Riders,Kolkata Knight Riders,won by 11 runs (D/L),https://en.wikipedia.org/wiki/2009_Indian_Premier_League
07-05-2009,Chennai Super Kings,Kings XI Punjab,Chennai Super Kings,won by 12 runs (D/L),https://en.wikipedia.org/wiki/2009_Indian_Premier_League
18-04-2011,Chennai Super Kings,Kochi Tuskers Kerala,Kochi Tuskers Kerala,won by 7 wickets (D/L),https://en.wikipedia.org/wiki/2011_Indian_Premier_League
07-05-2011,Chennai Super Kings,Kolkata Knight Riders,Kolkata Knight Riders,won by 10 runs (D/L),https://en.wikipedia.org/wiki/2011_Indian_Premier_League
14-05-2011,Kolkata Knight Riders,Royal Challengers Bangalore,Royal Challengers Bangalore,won by 4 wickets (D/L),https://en.wikipedia.org/wiki/2011_Indian_Premier_League
10-05-2014,Delhi Daredevils,Sunrisers Hyderabad,Sunrisers Hyderabad,won by 8 wickets (D/L),https://en.wikipedia.org/wiki/2014_Indian_Premier_League
22-04-2015,Sunrisers Hyderabad,Kolkata Knight Riders,Sunrisers Hyderabad,won by 16 runs (D/L),https://en.wikipedia.org/wiki/2015_Indian_Premier_League
15-05-2015,Sunrisers Hyderabad,Royal Challengers Bangalore,Royal Challengers Bangalore,won by 6 wickets (D/L),https://en.wikipedia.org/wiki/2015_Indian_Premier_League
26-04-2016,Sunrisers Hyderabad,Rising Pune Supergiants,Rising Pune Supergiants,won by 34 runs (D/L),https://en.wikipedia.org/wiki/2016_Indian_Premier_League
14-05-2016,Rising Pune Supergiants,Kolkata Knight Riders,Kolkata Knight Riders,won by 8 wickets (D/L),https://en.wikipedia.org/wiki/2016_Indian_Premier_League
17-05-2016,Delhi Daredevils,Rising Pune Supergiants,Rising Pune Supergiants,won by 19 runs (D/L),https://en.wikipedia.org/wiki/2016_Indian_Premier_League
18-05-2016,Royal Challengers Bangalore,Kings XI Punjab,Royal Challengers Bangalore,won by 82 runs (D/L),https://en.wikipedia.org/wiki/2016_Indian_Premier_League
17-05-2017,Sunrisers Hyderabad,Kolkata Knight Riders,Kolkata Knight Riders,won by 7 wickets (DLS),https://en.wikipedia.org/wiki/2017_Indian_Premier_League
