date,team1,team2,super_over_winner,method,regulation_score_tied,source_url_1,source_url_2,notes
23-04-2009,Kolkata Knight Riders,Rajasthan Royals,Rajasthan Royals,super over,150,https://en.wikipedia.org/wiki/2009_Indian_Premier_League,http://www.espncricinfo.com/ipl2009/engine/match/392190.html,"KKR 15/1 (Wikipedia: 14/1) v RR 18/0; super over, not a bowl-out"
21-03-2010,Chennai Super Kings,Kings XI Punjab,Kings XI Punjab,super over,136,https://en.wikipedia.org/wiki/2010_Indian_Premier_League,https://www.espncricinfo.com/series/indian-premier-league-2009-10-418064/chennai-super-kings-vs-kings-xi-punjab-16th-match-419121/match-report,CSK 9/2 v KXIP 10/1
07-04-2013,Sunrisers Hyderabad,Royal Challengers Bangalore,Sunrisers Hyderabad,super over,130,https://en.wikipedia.org/wiki/2013_Indian_Premier_League,https://www.espncricinfo.com/series/indian-premier-league-2013-586733/sunrisers-hyderabad-vs-royal-challengers-bangalore-7th-match-598004/match-report,SRH 20/0 v RCB 15/0
16-04-2013,Royal Challengers Bangalore,Delhi Daredevils,Royal Challengers Bangalore,super over,152,https://en.wikipedia.org/wiki/2013_Indian_Premier_League,https://www.espncricinfo.com/series/indian-premier-league-2013-586733/royal-challengers-bangalore-vs-delhi-daredevils-21st-match-598017/match-report,RCB 15/0 v DD 11/2
29-04-2014,Kolkata Knight Riders,Rajasthan Royals,Rajasthan Royals,super over (boundary count),152,https://en.wikipedia.org/wiki/2014_Indian_Premier_League,https://www.espncricinfo.com/series/pepsi-indian-premier-league-2014-695871/kolkata-knight-riders-vs-rajasthan-royals-19th-match-729315/match-report,Super over also tied 11-11; RR won on boundary count
21-04-2015,Rajasthan Royals,Kings XI Punjab,Kings XI Punjab,super over,191,https://en.wikipedia.org/wiki/2015_Indian_Premier_League,https://www.india.com/indian-premier-league-2015/live-cricket-score-updates-rajasthan-royals-vs-kings-xi-punjab-ipl-2015-359390/,KXIP 15/2 v RR 6/2; CSV totals include super-over runs
29-04-2017,Gujarat Lions,Mumbai Indians,Mumbai Indians,super over,153,https://en.wikipedia.org/wiki/2017_Indian_Premier_League,https://www.espncricinfo.com/series/ipl-2017-1078425/gujarat-lions-vs-mumbai-indians-35th-match-1082625/match-report,MI 11/2 v GL 6/0; CSV team2_wickets=12 is 10 + 2 super-over wickets
30-03-2019,Kolkata Knight Riders,Delhi Capitals,Delhi Capitals,super over,185,https://en.wikipedia.org/wiki/2019_Indian_Premier_League,https://www.espncricinfo.com/series/ipl-2019-1165643/delhi-capitals-vs-kolkata-knight-riders-10th-match-1175365/match-report,DC 10/1 v KKR 7/1
02-05-2019,Mumbai Indians,Sunrisers Hyderabad,Mumbai Indians,super over,162,https://en.wikipedia.org/wiki/2019_Indian_Premier_League,https://www.espncricinfo.com/series/ipl-2019-1165643/mumbai-indians-vs-sunrisers-hyderabad-51st-match-1178426/match-report,SRH 8/2 v MI 9/0
20-09-2020,Delhi Capitals,Kings XI Punjab,Delhi Capitals,super over,157,https://en.wikipedia.org/wiki/2020_Indian_Premier_League,https://espncricinfo.com/series/8048/report/1216493/delhi-capitals-vs-kings-xi-punjab-2nd-match-indian-premier-league-2020-21,KXIP 2/2 v DC 3/0
28-09-2020,Royal Challengers Bangalore,Mumbai Indians,Royal Challengers Bangalore,super over,201,https://en.wikipedia.org/wiki/2020_Indian_Premier_League,https://www.espncricinfo.com/series/ipl-2020-21-1210595/royal-challengers-bangalore-vs-mumbai-indians-10th-match-1216547/match-report,MI 7/1 v RCB 11/0
18-10-2020,Kolkata Knight Riders,Sunrisers Hyderabad,Kolkata Knight Riders,super over,163,https://en.wikipedia.org/wiki/2020_Indian_Premier_League,https://www.espncricinfo.com/story/super-over-sunday-in-ipl-2020-the-story-in-ten-moments-1236509,SRH 2/2 v KKR 3/0
18-10-2020,Mumbai Indians,Kings XI Punjab,Kings XI Punjab,double super over,176,https://en.wikipedia.org/wiki/2020_Indian_Premier_League,https://www.espncricinfo.com/series/ipl-2020-21-1210595/mumbai-indians-vs-kings-xi-punjab-36th-match-1216517/match-report,First super over tied 5-5; second MI 11/1 v KXIP 15/0
25-04-2021,Delhi Capitals,Sunrisers Hyderabad,Delhi Capitals,super over,159,https://en.wikipedia.org/wiki/2021_Indian_Premier_League,https://www.espncricinfo.com/series/ipl-2021-1249214/sunrisers-hyderabad-vs-delhi-capitals-20th-match-1254077/match-report,SRH 7/0 v DC 8/0
16-04-2025,Delhi Capitals,Rajasthan Royals,Delhi Capitals,super over,188,https://en.wikipedia.org/wiki/2025_Indian_Premier_League,https://www.espncricinfo.com/series/ipl-2025-1449924/delhi-capitals-vs-rajasthan-royals-32nd-match-1473469/match-report,RR 11/2 v DC 13/0; RR wickets 7 in CSV likely counts a retired-hurt (unverified)
26-04-2026,Kolkata Knight Riders,Lucknow Super Giants,Kolkata Knight Riders,super over,155,https://en.wikipedia.org/wiki/2026_Indian_Premier_League,https://www.espncricinfo.com/series/ipl-2026-1510719/lucknow-super-giants-vs-kolkata-knight-riders-38th-match-1529281/full-scorecard,LSG 1/2 v KKR 4/0
